time,ion_current_M2,ion_current_M44,potential,current1_mA,coll_current,current1,current1_muA,ion_current_M44_sBG_sub,ion_current_M44_sBG_ALS,ion_current_M44_sBG_ALS_sub,ion_current_M44_ALS,ion_current_M44_UVS,ion_current_M44_UVS_sub,ion_current_M44_UVS_ALS,ion_current_M44_UVS_ALS_sub,ion_current_M44_MF,ion_current_M44_MF_sub
3.7,2.718859486187845e-09,1.8908461988950282e-10,0.8644466315789473,0.0001315263157894745,,1.3152631578947456e-07,0.13152631578947455,-5.2697740883975793e-11,-5.7809741550948795e-11,5.112000666973008e-12,2.7056883641472885e-09,1.8118682431846903e-10,7.897795571033764e-12,1.7281787036297264e-12,6.169616867404038e-12,1.841673044198894e-10,4.91731546961339e-12
3.75,2.7160674972375693e-09,1.897070232044199e-10,0.8671423636363635,0.0007441999999999988,,7.441999999999987e-07,0.7441999999999989,-5.207533756905868e-11,-5.7808467157391926e-11,5.733129588333245e-12,2.705711921215793e-09,1.8119179626519186e-10,8.515226939228027e-12,1.7251668381337163e-12,6.7900601010943106e-12,1.845880373626373e-10,5.118985841782605e-12
