time,potential,current1_mA,coll_current,current1,current1_muA
0.871,0.8400620000000001,3.6e-05,,3.6e-08,0.036000000000000004
0.9259999999999999,0.8402350000000001,8.4e-05,,8.4e-08,0.08399999999999999
