time,ion_current_M44,potential,current1,current1_muA,ion_current_M44_sBG_sub,ion_current_M44_sBG_ALS,ion_current_M44_sBG_ALS_sub,ion_current_M44_ALS,ion_current_M44_UVS,ion_current_M44_UVS_sub,ion_current_M44_UVS_ALS,ion_current_M44_UVS_ALS_sub,ion_current_M44_MF,ion_current_M44_MF_sub
0.0,4.4882417582417587e-10,0.2198648565219997,-3.796759439999997e-07,-0.3796759439999995,-3.850956043956036e-09,-3.855442058867001e-09,4.486014910965157e-12,4.46999722458091e-10,8.228023856701065e-10,-3.7397820984593076e-10,-4.0326085419613647e-10,4.4882417582417587e-10,4.4030769230769184e-10,8.51648351648398e-12
0.05,4.4662637362637366e-10,0.2193197065219997,-3.718759439999997e-07,-0.3718759439999995,-3.8531538461538385e-09,-3.855437722323852e-09,2.2838761700135904e-12,4.4691588643037505e-10,8.228284557938995e-10,-3.76202082167526e-10,-4.0327062737751445e-10,4.4662637362637366e-10,4.4124175824175823e-10,5.38461538461543e-12
