time,ion_current_M2,ion_current_M44,potential,current1_mA,coll_current,current1,current1_muA,ion_current_M2_sBG_sub,ion_current_M2_sBG_ALS,ion_current_M2_sBG_ALS_sub,ion_current_M2_ALS,ion_current_M2_UVS,ion_current_M2_UVS_sub,ion_current_M2_UVS_ALS,ion_current_M2_UVS_ALS_sub,ion_current_M2_MF,ion_current_M2_MF_sub,ion_current_M44_sBG_sub,ion_current_M44_sBG_ALS,ion_current_M44_sBG_ALS_sub,ion_current_M44_ALS,ion_current_M44_UVS,ion_current_M44_UVS_sub,ion_current_M44_UVS_ALS,ion_current_M44_UVS_ALS_sub,ion_current_M44_MF,ion_current_M44_MF_sub
4.3500000000000005,3.114054651933702e-09,2.7374890329670333e-10,0.4314129122807017,0.00015224561403508744,,1.522456140350875e-07,0.15224561403508746,-2.075580552486151e-10,-2.1946227019652818e-10,1.1904214947913072e-11,3.1085842307671104e-09,3.1153163566812694e-09,-1.261704747567741e-12,-1.4675720885087785e-11,1.3414016137520047e-11,3.0956863480662992e-09,1.836830386740322e-11,-1.4995127472531356e-11,-1.576703140361452e-11,7.719039310831644e-13,3.1085842307671104e-09,3.735579404863202e-10,-9.980903718961695e-11,-9.69579236371038e-11,-2.8511135525131556e-12,2.6950354560439556e-10,4.245357692307663e-12
4.4,3.1144700769230774e-09,2.7442739230769226e-10,0.4295696785714286,9.624999999999986e-05,,9.624999999999987e-08,0.09624999999999986,-2.0714263025924016e-10,-2.1945078626352662e-10,1.2308156004286428e-11,3.1085998456266867e-09,3.115329123885637e-09,-8.590469625605743e-13,-1.467543397421754e-11,1.3816387011656966e-11,3.096570325966851e-09,1.7899750956225785e-11,-1.4316638461542373e-11,-1.576743159514429e-11,1.4507931336019161e-12,3.1085998456266867e-09,3.735271407270552e-10,-9.909974841936292e-11,-9.6936372912536e-11,-2.163375506826924e-12,2.7066761933701655e-10,3.759772970675711e-12
